{"cameraMode":{"drawMode":0,"name":"Shaded","section":"Shading Mode"},"sceneLighting":true,"audioPlay":false,"sceneViewState":{"m_AlwaysRefresh":false,"showFog":true,"showSkybox":true,"showFlares":true,"showImageEffects":true,"showParticleSystems":true,"showVisualEffectGraphs":true,"m_FxEnabled":true},"in2DMode":false,"pivot":{"x":1.402276635169983,"y":1.9435020685195923,"z":0.9551407694816589},"rotation":{"x":0.27691835165023806,"y":-0.21336092054843903,"z":0.0632038563489914,"w":0.9347896575927734},"size":3.0725669860839845,"orthographic":false}